collection_date,collection_time,keyword,latest_interest,rising_queries,country,time_window,source,datetime
2026-09-04,05:01:09,nitish rajput news,100,No Rising Query,india,Past 30 Days,google trends,2026-09-04 05:01:09
2026-09-04,05:01:27,udhayanidhi stalin,0,"udhayanidhi stalin arrest, udhayanidhi stalin trisha comment, udhayanidhi stalin comment on trisha, what did udhayanidhi stalin say about trisha, udhayanidhi stalin trisha throwback videos",india,Past 30 Days,google trends,2026-09-04 05:01:27
2026-09-04,05:01:53,inox wind share price,100,No Rising Query,india,Past 30 Days,google trends,2026-09-04 05:01:53
2026-09-04,05:02:15,bigg boss 20 bhagirath bhatt,100,No Rising Query,india,Past 30 Days,google trends,2026-09-04 05:02:15
2026-09-04,05:02:31,tbz share price,100,tbz share price today,india,Past 30 Days,google trends,2026-09-04 05:02:31
2026-09-04,05:02:59,bse share price,3,pfc share price,india,Past 30 Days,google trends,2026-09-04 05:02:59
2026-09-04,05:03:22,bse share,3,No Rising Query,india,Past 30 Days,google trends,2026-09-04 05:03:22
2026-09-04,05:03:40,lumino industries share price,89,No Rising Query,india,Past 30 Days,google trends,2026-09-04 05:03:40
2026-09-04,05:04:07,ifci share price,100,No Rising Query,india,Past 30 Days,google trends,2026-09-04 05:04:07
2026-09-04,05:04:29,angel one share price,100,No Rising Query,india,Past 30 Days,google trends,2026-09-04 05:04:29
2026-09-05,04:54:20,पवन सिंह,31,"पवन सिंह rajaji ke dilwa, पवन सिंह के भक्ति गाना, पवन सिंह का घर कहां है, पवन सिंह sadia bulukiya, भोजपुरी सॉन्ग पवन सिंह का",india,Past 30 Days,google trends,2026-09-05 04:54:20
2026-09-05,04:54:48,paypal,42,"paypal and oracle india layoffs, paypal india workforce reductions, paypal layoffs today, paypal layoffs, paypal layoff",india,Past 30 Days,google trends,2026-09-05 04:54:48
2026-09-05,04:55:12,पटना,98,"पटना में बाढ़ की स्थिति, पटना में गंगा का जलस्तर, आज का सोना रेट पटना 18 कैरेट, प्रभात खबर पटना, धरना स्थल पंडाल बुकिंग पटना",india,Past 30 Days,google trends,2026-09-05 04:55:12
2026-09-05,04:55:32,weather new delhi,100,No Rising Query,india,Past 30 Days,google trends,2026-09-05 04:55:32
2026-09-05,04:56:01,விகடன்,47,"நாணயம் விகடன், அவள் விகடன்",india,Past 30 Days,google trends,2026-09-05 04:56:01
2026-09-05,04:56:21,വിമാനത്താവളം,100,"വരാണസി വിമാനത്താവളം, കിംഗ് ഖാലിദ് അന്തര്ദേശീയ വിമാനത്താവളം, ഹമദ് അന്താരാഷ്ട്ര വിമാനത്താവളം, ഇന്ദിരാഗാന്ധി അന്താരാഷ്ട്ര വിമാനത്താവളം",india,Past 30 Days,google trends,2026-09-05 04:56:21
2026-09-05,04:56:41,സൗദി അറേബ്യ,100,No Rising Query,india,Past 30 Days,google trends,2026-09-05 04:56:41
2026-09-05,04:57:07,vibe movie release date,100,No Rising Query,india,Past 30 Days,google trends,2026-09-05 04:57:07
2026-09-05,04:57:35,jagran,100,"jagran sanskarshala, jagran film festival, jagran film festival 2026, dainik jagran jharkhand, jagran public school lucknow",india,Past 30 Days,google trends,2026-09-05 04:57:35
2026-09-05,04:57:54,phuket,31,"phuket delhi air india flight pilot, air india phuket flight news, airbus phuket delhi flight turbulence, casa del m resort phuket, air india phuket flight hydraulic loss",india,Past 30 Days,google trends,2026-09-05 04:57:54
2026-09-06,05:03:50,rajat patidar,56,"rinku singh, harsh dubey, saransh jain, abhimanyu easwaran, duleep trophy 2026",india,Past 30 Days,google trends,2026-09-06 05:03:50
2026-09-06,05:04:12,షఫాలీ వర్మ,100,No Rising Query,india,Past 30 Days,google trends,2026-09-06 05:04:12
2026-09-06,05:04:39,ಬಿಗ್ ಬಾಸ್ - ಸೀಸನ್ 13,100,No Rising Query,india,Past 30 Days,google trends,2026-09-06 05:04:39
2026-09-06,05:04:58,sachin tendulkar,83,"sachin tendulkar hotel staffer conversation, sachin tendulkar kundli, sachin tendulkar howstat, sachin tendulkar sports village bengaluru, sachin tendulkar cricket ground 5 neralur",india,Past 30 Days,google trends,2026-09-06 05:04:58
2026-09-06,05:05:28,pranav constructions ipo gmp,100,pranav constructions ipo gmp today,india,Past 30 Days,google trends,2026-09-06 05:05:28
2026-09-06,05:05:53,mirzapur movie review box office,100,No Rising Query,india,Past 30 Days,google trends,2026-09-06 05:05:53
2026-09-06,05:06:10,मुख्य न्यायाधीश,75,"सुप्रीम कोर्ट के मुख्य न्यायाधीश list, मुंबई उच्च न्यायालयाचे मुख्य न्यायाधीश कोण आहेत, राजस्थान हाई कोर्ट के मुख्य न्यायाधीश कौन है, ईरान के मुख्य न्यायाधीश",india,Past 30 Days,google trends,2026-09-06 05:06:10
2026-09-06,05:06:30,abhimanyu easwaran,100,rajat patidar,india,Past 30 Days,google trends,2026-09-06 05:06:30
2026-09-06,05:06:55,vaibhav sooryavanshi,53,"vaibhav sooryavanshi duleep trophy record, vaibhav sooryavanshi duleep trophy bowling, saransh jain, brett lee on vaibhav sooryavanshi, vaibhav sooryavanshi yash thakur battle",india,Past 30 Days,google trends,2026-09-06 05:06:55
2026-09-06,05:07:16,దొంగతనం,100,No Rising Query,india,Past 30 Days,google trends,2026-09-06 05:07:16
2026-09-07,05:08:26,libra horoscope today,90,No Rising Query,india,Past 30 Days,google trends,2026-09-07 05:08:26
2026-09-07,05:08:44,सिंध,100,"सिंध नदी कितनी उफान पर है, सिंध नदी का उद्गम स्थल, सिंध नदी की न्यूज़, सिंध नदी",india,Past 30 Days,google trends,2026-09-07 05:08:44
2026-09-07,05:09:01,bajaj auto share price,100,No Rising Query,india,Past 30 Days,google trends,2026-09-07 05:09:01
2026-09-07,05:09:21,nifty50,94,"indexnse nifty50 chart live, nifty50 heavyweight stocks underperforming, indexnse nifty50 chart, nifty50 stocks, nifty50 companies",india,Past 30 Days,google trends,2026-09-07 05:09:21
2026-09-07,05:09:49,tamil news,100,No Rising Query,india,Past 30 Days,google trends,2026-09-07 05:09:49
2026-09-07,05:11:03,मुद्रा,75,"विदेशी मुद्रा बाज़ार, प्राण मुद्रा, तुर्की की मुद्रा क्या है, भारत का विदेशी मुद्रा भंडार कितना है, मुद्रा लोन ऑनलाइन अप्लाई sbi",india,Past 30 Days,google trends,2026-09-07 05:11:03
2026-09-07,05:11:20,hcl tech share price,100,hcl tech share price nse,india,Past 30 Days,google trends,2026-09-07 05:11:20
2026-09-07,05:11:39,சென்னை மெட்ரோ,100,No Rising Query,india,Past 30 Days,google trends,2026-09-07 05:11:39
2026-09-07,05:12:44,शिक्षा मंत्री,100,"बिहार सरकार के शिक्षा मंत्री, झारखंड के वर्तमान शिक्षा मंत्री कौन है, झारखंड के शिक्षा मंत्री, झारखण्ड शिक्षा मंत्री, छत्तीसगढ़ के शिक्षा मंत्री कौन है",india,Past 30 Days,google trends,2026-09-07 05:12:44
2026-09-07,05:13:06,coal india share,100,No Rising Query,india,Past 30 Days,google trends,2026-09-07 05:13:06
2026-09-07,10:28:14,मतदाता,100,"मतदाता सूची में नाम जोड़े online, मतदाता पहचान पत्र डाउनलोड, मतदाता पर्ची, मतदाता जागरूकता पर निबंध, मतदाता सूची किसे कहते हैं",india,Past 30 Days,google trends,2026-09-07 10:28:14
2026-09-07,10:28:43,పోలీసులు,90,No Rising Query,india,Past 30 Days,google trends,2026-09-07 10:28:43
2026-09-07,10:29:04,സ്വര്ണം,100,No Rising Query,india,Past 30 Days,google trends,2026-09-07 10:29:04
2026-09-07,10:29:35,விலை,61,"வெள்ளி விலை இன்று சென்னை, வீட்டு உபயோக சிலிண்டர் விலை, பால் கொள்முதல் விலை, வெங்காயம் விலை, தங்கம் விலை இன்று மதுரை",india,Past 30 Days,google trends,2026-09-07 10:29:35
2026-09-07,10:30:04,എം.എ. ബേബി,100,No Rising Query,india,Past 30 Days,google trends,2026-09-07 10:30:04
2026-09-07,10:30:28,రంభ ఊర్వశి మేనక,53,No Rising Query,india,Past 30 Days,google trends,2026-09-07 10:30:28
2026-09-07,10:30:52,శుభ్మన్ గిల్,39,No Rising Query,india,Past 30 Days,google trends,2026-09-07 10:30:52
2026-09-07,10:31:20,మహిళల ఆసియా కప్,100,No Rising Query,india,Past 30 Days,google trends,2026-09-07 10:31:20
2026-09-07,10:31:47,वित्तीय संकट,100,No Rising Query,india,Past 30 Days,google trends,2026-09-07 10:31:47
2026-09-07,10:32:03,तस्करी,47,"मानवी तस्करी, मानव तस्करी क्या है, तस्करी का अर्थ",india,Past 30 Days,google trends,2026-09-07 10:32:03
2026-09-10,18:34:36,gleiker mendoza,100,No Rising Query,india,Past 30 Days,google trends,2026-09-10 18:34:36
2026-09-10,18:34:52,como vs rb leipzig,100,como vs rb leipzig prediction,india,Past 30 Days,google trends,2026-09-10 18:34:52
2026-09-10,18:35:16,রেল পরিবহন,13,No Rising Query,india,Past 30 Days,google trends,2026-09-10 18:35:16
2026-09-10,18:35:44,xiaomi 18 fold,100,"xiaomi 18 fold price, xiaomi 18 fold price in india, iphone fold, xiaomi 18 fold specs",india,Past 30 Days,google trends,2026-09-10 18:35:44
2026-09-10,18:36:46,sydney sweeney,100,No Rising Query,india,Past 30 Days,google trends,2026-09-10 18:36:46
2026-09-10,18:37:17,play store,79,No Rising Query,india,Past 30 Days,google trends,2026-09-10 18:37:17
2026-09-10,18:38:24,बिपाशा बसु,95,No Rising Query,india,Past 30 Days,google trends,2026-09-10 18:38:24
2026-09-10,18:38:42,mom and son,68,No Rising Query,india,Past 30 Days,google trends,2026-09-10 18:38:42
2026-09-10,18:39:07,e,92,"sher e punjab t20 league, sher e punjab t20, sher e punjab t20 cup 2026, eid e milad, dar e nijaat",india,Past 30 Days,google trends,2026-09-10 18:39:07
2026-09-10,18:39:38,eenadu,88,No Rising Query,india,Past 30 Days,google trends,2026-09-10 18:39:38
2026-09-11,05:06:17,மின் தடை,100,மின் தடை salem,india,Past 30 Days,google trends,2026-09-11 05:06:17
2026-09-11,05:06:38,ola electric share price,100,No Rising Query,india,Past 30 Days,google trends,2026-09-11 05:06:38
2026-09-11,05:07:03,पंजाब प्रदेश कांग्रेस समिति,35,No Rising Query,india,Past 30 Days,google trends,2026-09-11 05:07:03
2026-09-11,05:07:19,infosys share price,100,No Rising Query,india,Past 30 Days,google trends,2026-09-11 05:07:19
2026-09-11,05:07:43,cochin shipyard share,100,No Rising Query,india,Past 30 Days,google trends,2026-09-11 05:07:43
2026-09-11,05:08:06,icici bank share price,100,No Rising Query,india,Past 30 Days,google trends,2026-09-11 05:08:06
2026-09-11,05:08:33,hindustan copper share price,78,No Rising Query,india,Past 30 Days,google trends,2026-09-11 05:08:33
2026-09-11,05:09:04,tata steel share,100,No Rising Query,india,Past 30 Days,google trends,2026-09-11 05:09:04
2026-09-11,05:09:22,ather energy share price,100,No Rising Query,india,Past 30 Days,google trends,2026-09-11 05:09:22
2026-09-11,05:09:39,canara bank share price,100,No Rising Query,india,Past 30 Days,google trends,2026-09-11 05:09:39
2026-09-12,04:56:28,nse ipo gmp,86,No Rising Query,india,Past 30 Days,google trends,2026-09-12 04:56:28
2026-09-12,04:56:47,हरीश रावत,100,No Rising Query,india,Past 30 Days,google trends,2026-09-12 04:56:47
2026-09-12,04:57:03,పండుగ,83,"దసరా పండుగ ఎప్పుడు, రాఖీ పండుగ పాటలు, ఓనం పండుగ, రాఖీ పండుగ డేట్, రాఖీ పండుగ విశిష్టత",india,Past 30 Days,google trends,2026-09-12 04:57:03
2026-09-12,04:57:24,भारत मौसम विज्ञान विभाग,100,No Rising Query,india,Past 30 Days,google trends,2026-09-12 04:57:24
2026-09-12,04:57:51,चुनाव,99,"नगर निकाय चुनाव कब है, राहुल गांधी का चुनाव क्षेत्र, पार्षद चुनाव के लिए आवश्यक दस्तावेज 2026, राहुल गांधी का चुनाव क्षेत्र कौन सा है, नगर पालिका चुनाव राजस्थान 2026",india,Past 30 Days,google trends,2026-09-12 04:57:51
2026-09-12,04:58:08,brics currency,100,"brics currency name, brics currency news, brics currency launch date, brics currency value, brics currency picture",india,Past 30 Days,google trends,2026-09-12 04:58:08
2026-09-12,04:58:29,ವಾಯುಭಾರ ಕುಸಿತ,96,No Rising Query,india,Past 30 Days,google trends,2026-09-12 04:58:29
2026-09-12,04:58:57,lady gaga,100,"a star is born, lady gaga always remember us this way lyrics, lady gaga abracadabra, michael polansky, how old is lady gaga",india,Past 30 Days,google trends,2026-09-12 04:58:57
2026-09-12,04:59:28,oasis,54,"casino ohne oasis vergleich24.sbs 🇩🇪, casino ohne oasis 🇩🇪 bonusvergleich24.ink 🇩🇪, casino ohne oasis expertenbonus.ink 🇩🇪, online casinos ohne oasis vergleich24.sbs 🇩🇪, casino ohne oasis www.kundenguide24.online ã¢âœâ…",india,Past 30 Days,google trends,2026-09-12 04:59:28
2026-09-12,04:59:44,swapna suresh,100,"swapna suresh age, swapna suresh case, swapna suresh sarith, swapna suresh and sarith, swapna suresh husband",india,Past 30 Days,google trends,2026-09-12 04:59:44
2026-09-12,15:22:47,al-taawoun vs al-hilal,100,No Rising Query,india,Past 30 Days,google trends,2026-09-12 15:22:47
2026-09-12,15:23:04,సముద్రం,100,"సముద్రం పర్యాయపదాలు తెలుగు, సముద్రం పర్యాయపదాలు",india,Past 30 Days,google trends,2026-09-12 15:23:04
2026-09-12,15:23:31,tabu,53,"tabu on drishyam sequel skepticism, ajith and tabu movie, tabu veneer, tabu boyfriend, tabu actress husband",india,Past 30 Days,google trends,2026-09-12 15:23:31
2026-09-12,15:23:55,ફાતિમા સના,100,No Rising Query,india,Past 30 Days,google trends,2026-09-12 15:23:55
2026-09-12,15:24:19,pl,72,"pl matches today, fpl, al nassr, laliga, pl fixtures",india,Past 30 Days,google trends,2026-09-12 15:24:19
2026-09-12,15:24:47,epl,54,No Rising Query,india,Past 30 Days,google trends,2026-09-12 15:24:47
2026-09-12,15:25:10,oli mcburnie,52,"premier league, epl, john egan, regan slater, hull city",india,Past 30 Days,google trends,2026-09-12 15:25:10
2026-09-12,15:25:36,क्राउन प्रिंस,100,सऊदी अरब के क्राउन प्रिंस,india,Past 30 Days,google trends,2026-09-12 15:25:36
2026-09-12,15:25:57,premier league,55,"arsenal vs chelsea, women's caribbean premier league, palace vs man city, man united vs ipswich town, man city vs coventry",india,Past 30 Days,google trends,2026-09-12 15:25:57
2026-09-12,15:26:54,strasbourg vs monaco,100,No Rising Query,india,Past 30 Days,google trends,2026-09-12 15:26:54
2026-09-13,05:18:40,अनवर इब्राहिम,100,No Rising Query,india,Past 30 Days,google trends,2026-09-13 05:18:40
2026-09-13,05:19:11,weather dehradun,59,No Rising Query,india,Past 30 Days,google trends,2026-09-13 05:19:11
2026-09-13,05:19:35,mp cm,100,No Rising Query,india,Past 30 Days,google trends,2026-09-13 05:19:35
2026-09-13,05:19:52,आवास,56,"प्रधानमंत्री और मुख्यमंत्री आवास योजना के तहत लाभार्थियों को पक्के मकान के लिए मिलेंगे 1.20 लाख रुपये, पंतप्रधान आवास योजना ग्रामीण महाराष्ट्र, प्रधानमंत्री आवास योजना महाराष्ट्र ग्रामीण लिस्ट, पंतप्रधान आवास घरकुल योजना यादी, पंतप्रधान आवास घरकुल योजना यादी 2026",india,Past 30 Days,google trends,2026-09-13 05:19:52
2026-09-13,05:20:20,कन्या राशि,95,"कन्या राशि के बारे में बताओ, कन्या राशि के नाम के पहले अक्षर, कन्या राशि का जीवनसाथी, कन्या राशि टुडे",india,Past 30 Days,google trends,2026-09-13 05:20:20
2026-09-13,05:20:49,హర్లీన్ డియోల్,100,No Rising Query,india,Past 30 Days,google trends,2026-09-13 05:20:49
2026-09-13,05:21:17,avengers endgame encore,22,"avengers endgame encore tickets india, avengers endgame encore ticket, avengers endgame encore tickets in india, avengers endgame encore trailer release date, avengers endgame encore difference",india,Past 30 Days,google trends,2026-09-13 05:21:17
2026-09-13,05:21:43,వార్త,37,"వార్త ఈ పేపర్, వార్త epaper",india,Past 30 Days,google trends,2026-09-13 05:21:43
2026-09-13,05:22:05,movie roles,99,"movie roles telugu 2026 irumudi, movie roles telugu irumudi, best movie roles telugu 2026, 3 movie roles telugu 2026, movie roles hindi",india,Past 30 Days,google trends,2026-09-13 05:22:05
2026-09-14,05:23:10,ഷാര്ജ,46,ഇന്ത്യന് അസോസിയേഷന് ഷാര്ജ,india,Past 30 Days,google trends,2026-09-14 05:23:10
2026-09-14,05:23:27,இலங்கை,82,"இந்தியா பெண்கள் எதிர் இலங்கை பெண்கள், இந்தியா பெண்கள் தேசிய கிரிக்கெட் அணி இலங்கை பெண்கள் தேசிய கிரிக்கெட் அணி போட்டியின் ஸ்கோர்கார்டு, இந்தியா இலங்கை, இந்தியா எதிர் இலங்கை, இலங்கை தேசிய கிரிக்கெட் அணி இந்தியா தேசிய கிரிக்கெட் அணி போட்டியின் ஸ்கோர்கார்டு",india,Past 30 Days,google trends,2026-09-14 05:23:27
2026-09-14,05:23:58,operation safed sagar,17,"operation safed sagar song choice, ajay ahuja portrayal operation safed sagar, operation safed sagar tribute, operation safed sagar iaf wives, operation safed sagar all cast",india,Past 30 Days,google trends,2026-09-14 05:23:58
2026-09-14,05:24:58,santy sharma iphone,100,"santy sharma iphone duo, santy sharma iphone duo news, santy sharma iphone meme",india,Past 30 Days,google trends,2026-09-14 05:24:58
2026-09-14,05:25:20,rajasthan nikay chunav 2026,100,"rajasthan nikay chunav 2026 date, rajasthan nikay chunav 2026 result date",india,Past 30 Days,google trends,2026-09-14 05:25:20
2026-09-14,05:25:45,nassr,32,No Rising Query,india,Past 30 Days,google trends,2026-09-14 05:25:45
2026-09-14,05:26:42,മൊഹ്സിന് നഖ്വി,100,No Rising Query,india,Past 30 Days,google trends,2026-09-14 05:26:42
2026-09-14,05:27:00,hanuman ansh box office,96,"hanuman ansh box office collection worldwide, hanuman ansh box office collection and budget, hanuman ansh box office day 38, hanuman ansh box office collection 38, hanuman ansh box office collection day 38",india,Past 30 Days,google trends,2026-09-14 05:27:00
2026-09-14,05:27:30,ஆ. ராசா,100,No Rising Query,india,Past 30 Days,google trends,2026-09-14 05:27:30
2026-09-14,05:27:50,gurugram,63,"nayab singh saini gurugram security lapse, palmonas- dlf galleria gurugram, palmonas sector 14 gurugram, dlf cyberpark, gurugram, neha pandey gurugram rain reaction",india,Past 30 Days,google trends,2026-09-14 05:27:50
2026-09-15,05:13:26,ಗಣೇಶ,40,"ಗಣೇಶ ಹಬ್ಬದ ಶುಭಾಶಯಗಳು, ಗಣೇಶ ಹಬ್ಬ, ಗೌರಿ ಗಣೇಶ ಹಬ್ಬದ ಶುಭಾಶಯಗಳು, ಗೌರಿ ಗಣೇಶ ಹಬ್ಬ, ಗಣೇಶ ಚತುರ್ಥಿಯ",india,Past 30 Days,google trends,2026-09-15 05:13:26
2026-09-15,05:13:50,ಆಸ್ತಿ,73,ಸಂಕ ಆಸ್ತಿ,india,Past 30 Days,google trends,2026-09-15 05:13:50
2026-09-15,05:14:09,pranav construction share price,100,No Rising Query,india,Past 30 Days,google trends,2026-09-15 05:14:09
2026-09-15,05:14:34,bse share,100,No Rising Query,india,Past 30 Days,google trends,2026-09-15 05:14:34
2026-09-15,05:14:54,nestle india share price,100,tata motors share,india,Past 30 Days,google trends,2026-09-15 05:14:54
2026-09-15,05:15:23,tata steel share,100,No Rising Query,india,Past 30 Days,google trends,2026-09-15 05:15:23
2026-09-15,05:15:41,प्रधानमंत्री आवास योजना,50,"प्रधानमंत्री आवास योजना महाराष्ट्र ग्रामीण लिस्ट, प्रधानमंत्री आवास योजना का फॉर्म कैसे भरें, प्रधानमंत्री आवास योजना घरकुल, प्रधानमंत्री आवास योजना में अपना नाम कैसे देखें, प्रधानमंत्री आवास योजना ग्रामीण ऑनलाइन आवेदन",india,Past 30 Days,google trends,2026-09-15 05:15:41
2026-09-15,05:16:01,ஓய்வூதியம்,39,"ஒரே பதவி, ஒரே ஓய்வூதியம்",india,Past 30 Days,google trends,2026-09-15 05:16:01
2026-09-15,05:16:27,kalyan jewellers share price,100,No Rising Query,india,Past 30 Days,google trends,2026-09-15 05:16:27
2026-09-15,05:16:45,hul share price,100,No Rising Query,india,Past 30 Days,google trends,2026-09-15 05:16:45
2026-09-16,05:09:09,prasol chemicals share price,100,No Rising Query,india,Past 30 Days,google trends,2026-09-16 05:09:09
2026-09-16,05:09:25,हार्दिक पांड्या,100,"हार्दिक पांड्या का जन्मदिन कब है, हार्दिक पांड्या हेयर स्टाइल, हार्दिक पांड्या की फोटो, हार्दिक पांड्या का बर्थडे कब है, हार्दिक पांड्या फोटो",india,Past 30 Days,google trends,2026-09-16 05:09:25
2026-09-16,05:09:53,sterlite technologies share price,100,No Rising Query,india,Past 30 Days,google trends,2026-09-16 05:09:53
2026-09-16,05:10:21,raymond share price,100,No Rising Query,india,Past 30 Days,google trends,2026-09-16 05:10:21
2026-09-16,05:10:49,nifty 50,100,No Rising Query,india,Past 30 Days,google trends,2026-09-16 05:10:49
2026-09-16,05:11:06,sensex,100,"sensex nifty stock market fall, sensex nifty stock market, sensex market, nifty",india,Past 30 Days,google trends,2026-09-16 05:11:06
2026-09-16,05:11:22,kanohar electricals share price,100,No Rising Query,india,Past 30 Days,google trends,2026-09-16 05:11:22
2026-09-16,05:11:44,yes bank share price,100,No Rising Query,india,Past 30 Days,google trends,2026-09-16 05:11:44
2026-09-16,05:12:07,manika plastech ipo,100,"manika plastech ipo gmp, manika plastech ipo gmp today, nse ipo gmp",india,Past 30 Days,google trends,2026-09-16 05:12:07
2026-09-16,05:12:24,solar industries share price,100,No Rising Query,india,Past 30 Days,google trends,2026-09-16 05:12:24
2026-09-17,05:13:44,caribbean premier league,100,"imran tahir, women's caribbean premier league schedule, usman khan, dominic drakes, women's caribbean premier league",india,Past 30 Days,google trends,2026-09-17 05:13:44
2026-09-17,05:14:13,karamtara engineering share price,100,No Rising Query,india,Past 30 Days,google trends,2026-09-17 05:14:13
2026-09-17,05:14:40,lcc projects share price,100,No Rising Query,india,Past 30 Days,google trends,2026-09-17 05:14:40
2026-09-17,05:14:57,pakistan vs thailand,100,"ireland vs england, pakistan vs thailand women, pakistan women vs thailand women, सशस्त्र बल, royal enfield himalayan 440",india,Past 30 Days,google trends,2026-09-17 05:14:57
2026-09-17,05:15:13,solar industries share price,93,No Rising Query,india,Past 30 Days,google trends,2026-09-17 05:15:13
2026-09-17,05:15:37,rentomojo ipo,80,"rentomojo ipo allotment status, rentomojo ipo gmp today, rentomojo ipo subscription",india,Past 30 Days,google trends,2026-09-17 05:15:37
2026-09-17,05:16:01,মালদা,100,No Rising Query,india,Past 30 Days,google trends,2026-09-17 05:16:01
2026-09-17,05:16:19,jindal supreme ipo,100,"ss retail ipo, nse ipo gmp, jindal supreme ipo gmp today, veegaland developers ipo, veegaland developers ipo gmp",india,Past 30 Days,google trends,2026-09-17 05:16:19
2026-09-17,05:16:45,bse,100,No Rising Query,india,Past 30 Days,google trends,2026-09-17 05:16:45
2026-09-17,05:17:06,hero motors ipo gmp,100,"nse ipo, hero motors ipo gmp today, veegaland developers ipo",india,Past 30 Days,google trends,2026-09-17 05:17:06
2026-09-18,05:07:11,இந்தியா தேசிய கிரிக்கெட் அணி,85,No Rising Query,india,Past 30 Days,google trends,2026-09-18 05:07:11
2026-09-18,05:07:28,भविष्य,39,"कर्मचारी भविष्य निधि पेंशन कब बढ़ेगी, उद्याचे राशी भविष्य कुंभ, कर्मचारी भविष्य निधि संगठन से जुड़ी खबरें, फासे टाकून भविष्य कथन, कर्मचारी भविष्य निधि पेंशन योजना 1995",india,Past 30 Days,google trends,2026-09-18 05:07:28
2026-09-18,05:07:46,సౌదీ అరేబియా,100,No Rising Query,india,Past 30 Days,google trends,2026-09-18 05:07:46
2026-09-18,05:08:17,october,83,"toyota glanza facelift october 2026, assembly and parliamentary byelections october 2026, fmge october 31 2026 exam date, epfo urges employers to enrol uncovered workers until october 31, sbi bsbd withdrawal limit october 2026",india,Past 30 Days,google trends,2026-09-18 05:08:17
2026-09-18,05:08:47,కత్రినా కైఫ్,100,No Rising Query,india,Past 30 Days,google trends,2026-09-18 05:08:47
2026-09-18,05:09:17,chelsea football club,100,chelsea vs hull,india,Past 30 Days,google trends,2026-09-18 05:09:17
2026-09-18,05:09:35,ఆధార్,100,"ఆధార్ హిస్టరీ, ఆధార్ కార్డ్ డౌన్లోడ్",india,Past 30 Days,google trends,2026-09-18 05:09:35
2026-09-18,05:10:01,సాక్షి,96,"సాక్షి న్యూస్ పేపర్ టుడే తెలంగాణ, సాక్షి టీవీ తెలుగు, సాక్షి epaper today",india,Past 30 Days,google trends,2026-09-18 05:10:01
2026-09-18,05:10:31,pakistan cricket,5,"england pakistan cricket match, pakistan vs england, england vs pakistan cricket, england pakistan cricket, india vs pakistan",india,Past 30 Days,google trends,2026-09-18 05:10:31
2026-09-18,05:10:56,buffalo bills,100,"buffalo bills schedule, bills vs lions, buffalo bills vs detroit lions match player stats, detroit lions vs buffalo bills",india,Past 30 Days,google trends,2026-09-18 05:10:56
2026-09-19,04:57:23,సిద్ధార్థ్ మల్హోత్రా,100,No Rising Query,india,Past 30 Days,google trends,2026-09-19 04:57:23
2026-09-19,04:57:42,a,66,"a mosquito in the ear, travelling with family to manali for 5 days and everybody wants different things. help me plan a day-by-day itinerary that works for first timers too, serie a",india,Past 30 Days,google trends,2026-09-19 04:57:42
2026-09-19,04:58:51,நாம் தமிழர் கட்சி,100,நாம் தமிழர் கட்சி கொடி,india,Past 30 Days,google trends,2026-09-19 04:58:51
2026-09-19,04:59:10,भारत राष्ट्रीय क्रिकेट संघ,60,"अफगाणिस्तान वि भारत राष्ट्रीय क्रिकेट संघ कुठे पाहावा, अफगाणिस्तान वि भारत राष्ट्रीय क्रिकेट संघ सामन्याचे स्कोअरकार्ड, भारत राष्ट्रीय क्रिकेट संघ वि श्रीलंका सामन्याचे स्कोअरकार्ड",india,Past 30 Days,google trends,2026-09-19 04:59:10
2026-09-19,04:59:32,अनिल अंबानी,48,No Rising Query,india,Past 30 Days,google trends,2026-09-19 04:59:32
2026-09-19,04:59:55,ભાવ,97,"પાઉન્ડ નો ભાવ, 1 ગ્રામ ચાંદી નો ભાવ, સોના નો આજનો ભાવ અમદાવાદ, આજના સોના ચાંદીનો ભાવ, ચાંદી નો આજનો ભાવ દાહોદ",india,Past 30 Days,google trends,2026-09-19 04:59:55
2026-09-19,05:00:16,जिलाधिकारी,12,"कैबिनेट, ankit baliyan, real madrid vs real sociedad standings, aiman anwer international retirement, toxic review",india,Past 30 Days,google trends,2026-09-19 05:00:16
2026-09-19,05:00:40,what,61,No Rising Query,india,Past 30 Days,google trends,2026-09-19 05:00:40
2026-09-19,05:00:59,1,55,"toxic day 1 collection, toxic day 1 collection worldwide, 1 सितंबर से बदलने वाले रसोई गैस दूध और कारों की कीमतों के नए नियमों के बारे में बताएं, toxic box office collection day 1, 1 kg sugar price today",india,Past 30 Days,google trends,2026-09-19 05:00:59
2026-09-19,05:01:31,mail,48,royal mail,india,Past 30 Days,google trends,2026-09-19 05:01:31
2026-09-20,05:18:52,karunya lottery results,100,"leo horoscope today, photo editing 1980s ai photo prompt, karunya lottery results today",india,Past 30 Days,google trends,2026-09-20 05:18:52
2026-09-20,05:19:22,maharaja,88,"maharaja hostel movie hit or flop, maharaja mahal nanjikottai, maharaja remake, sakinaka cha maharaja 2026, maharaja hollywood remake",india,Past 30 Days,google trends,2026-09-20 05:19:22
2026-09-20,05:19:48,brighton fc,100,"barcelona vs racing santander, fc barcelona vs racing santander, coventry vs brighton, brighton & hove albion f.c., coventry city fc vs brighton & hove albion f.c. standings",india,Past 30 Days,google trends,2026-09-20 05:19:48
2026-09-20,05:20:55,wh,76,"sony wh 1000xm4c wireless headphones, sony wh 1000xm4c headphones release, sony wh ch520 price, wh 1000xm4c, wht",india,Past 30 Days,google trends,2026-09-20 05:20:55
2026-09-20,05:21:25,rachin ravindra,100,"rachin ravindra age, rachin ravindra ipl team, is rachin ravindra indian, rachin ravindra stats",india,Past 30 Days,google trends,2026-09-20 05:21:25
2026-09-20,05:21:54,ayushman bharat,35,"gds recruitment 2026, ayushman bharat digital mission, ayushman bharat scheme, ayushman bharat card download online west bengal, ayushman bharat yojana",india,Past 30 Days,google trends,2026-09-20 05:21:54
2026-09-20,05:22:18,asian games japan 2026,100,No Rising Query,india,Past 30 Days,google trends,2026-09-20 05:22:18
2026-09-20,05:22:48,iran war,100,"riya ahir, pakistan hockey world cup, philadelphia union vs inter miami, mahindra xev 9s captain seats, dili airport visa questioning",india,Past 30 Days,google trends,2026-09-20 05:22:48
2026-09-20,05:23:05,arman tsarukyan,100,"arman tsarukyan vs ruffy date, alexander volkanovski, ufc 331 fight card, jean silva, alexandre pantoja",india,Past 30 Days,google trends,2026-09-20 05:23:05
2026-09-20,05:23:30,dusu elections,100,"dusu elections date, dusu elections 2026 abvp nsui candidates, who won dusu elections",india,Past 30 Days,google trends,2026-09-20 05:23:30
2026-09-21,05:21:27,caribbean premier league,100,"asian games women, usman khan, women's caribbean premier league, trinbago knight riders, guyana amazon warriors",india,Past 30 Days,google trends,2026-09-21 05:21:27
2026-09-21,05:21:48,jev,100,"jev ai, jev model, typesafe jev, typesafe, typesafe ai",india,Past 30 Days,google trends,2026-09-21 05:21:48
2026-09-21,05:22:11,kite,100,"sports kite kerala gov in, kite outline images, nseindia, area of kite, kite sports",india,Past 30 Days,google trends,2026-09-21 05:22:11
2026-09-21,05:22:38,mail,100,"royal mail, mail merge",india,Past 30 Days,google trends,2026-09-21 05:22:38
2026-09-21,05:23:01,sensex,100,"sensex nifty stock market fall, sensex nifty stock market, sensex market, nifty",india,Past 30 Days,google trends,2026-09-21 05:23:01
2026-09-21,05:23:28,nse ipo gmp,100,"hero motors ipo gmp, manika plastech ipo gmp, veegaland ipo gmp, veegaland developers ipo, manika plastech ipo",india,Past 30 Days,google trends,2026-09-21 05:23:28
2026-09-21,05:23:56,inter miami vs,22,"inter miami vs cf montréal standings, barcelona vs racing santander, campeones cup, inter miami vs cruz azul, inter miami vs atlanta united lineups",india,Past 30 Days,google trends,2026-09-21 05:23:56
2026-09-21,05:24:17,road accident,100,"nice road accident today, coastal road accident today, road accident in india per day, delhi road accident yesterday, hyderabad road accident yesterday",india,Past 30 Days,google trends,2026-09-21 05:24:17
2026-09-21,05:24:33,samsung one ui 9,100,"samsung one ui 9 rollout timeline, samsung one ui 9 battery features, samsung one ui 9 stable release, samsung one ui 9 beta expansion, samsung one ui 9 new features",india,Past 30 Days,google trends,2026-09-21 05:24:33
2026-09-21,05:24:52,coastal road mumbai,100,"bmw crash coastal road mumbai, samsung one ui 9",india,Past 30 Days,google trends,2026-09-21 05:24:52
2026-09-22,05:19:11,email,67,"email writing format, contact email, email writing, find your email, email recovery",india,Past 30 Days,google trends,2026-09-22 05:19:11
2026-09-22,05:19:40,python,100,### in python,india,Past 30 Days,google trends,2026-09-22 05:19:40
2026-09-22,05:20:04,cat,69,"cat species, cat last date to apply 2026, cat kiss, cat form filling, cat last date",india,Past 30 Days,google trends,2026-09-22 05:20:04
2026-09-22,05:20:25,espncricinfo,100,No Rising Query,india,Past 30 Days,google trends,2026-09-22 05:20:25
2026-09-22,05:20:44,car,61,"baleno car price, bla bla car",india,Past 30 Days,google trends,2026-09-22 05:20:44
2026-09-22,05:21:04,nse ipo allotment status,100,nse ipo allotment status with pan number,india,Past 30 Days,google trends,2026-09-22 05:21:04
2026-09-22,05:21:33,शेफाली वर्मा,100,No Rising Query,india,Past 30 Days,google trends,2026-09-22 05:21:33
2026-09-22,05:21:56,ekadashi,70,"aja ekadashi 2026, aja ekadashi vrat katha, ajay ekadashi vrat katha, when is ekadashi in september 2026, putrada ekadashi ki katha",india,Past 30 Days,google trends,2026-09-22 05:21:56
2026-09-22,05:22:26,video,85,"instagram video download without water maker, sexxy lyrics video",india,Past 30 Days,google trends,2026-09-22 05:22:26
2026-09-22,05:22:47,benjamin šeško,100,"champions league, man utd vs sabah, noussair mazraoui, benjamin šeško injury, benjamin šeško height",india,Past 30 Days,google trends,2026-09-22 05:22:47
2026-09-23,05:04:56,hero motors share price,100,hero motors share price nse,india,Past 30 Days,google trends,2026-09-23 05:04:56
2026-09-23,05:09:24,ఇరాన్,100,No Rising Query,india,Past 30 Days,google trends,2026-09-23 05:09:24
2026-09-23,05:09:39,flash flood risk,100,No Rising Query,india,Past 30 Days,google trends,2026-09-23 05:09:39
2026-09-23,05:10:00,weather kanpur,100,No Rising Query,india,Past 30 Days,google trends,2026-09-23 05:10:00
2026-09-23,05:10:26,nse listing date,100,No Rising Query,india,Past 30 Days,google trends,2026-09-23 05:10:26
2026-09-23,05:10:56,rani mukherjee,100,"krishna mukherjee rani mukherjee mother, rani mukherjee father age, rani mukherjee parents, krishna mukherjee singer, rani mukherjee latest news",india,Past 30 Days,google trends,2026-09-23 05:10:56
2026-09-23,05:11:18,আবহাওয়া,100,"রায়না পূর্ব বর্ধমান আবহাওয়া, বৃষ্টির আবহাওয়া, আবহাওয়া খবর",india,Past 30 Days,google trends,2026-09-23 05:11:18
2026-09-23,05:11:46,వాతావరణం,100,వాయువు,india,Past 30 Days,google trends,2026-09-23 05:11:46
2026-09-23,05:12:08,रेल,46,"टेक्समैको रेल एंड इंजीनियरिंग लिमिटेड, बिलासपुर-मनाली-लेह रेल लाइन, नेशनल हाई स्पीड रेल कॉर्पोरेशन लिमिटेड, रेल टिकट ऑनलाइन बुकिंग, मंडल रेल प्रबंधक कार्यालय",india,Past 30 Days,google trends,2026-09-23 05:12:08
2026-09-23,05:12:40,weather today,100,"colombo weather today, varanasi weather today, today weather at my location, weather today near me, moradabad weather today",india,Past 30 Days,google trends,2026-09-23 05:12:40
2026-09-24,05:16:07,asian games cricket,61,"asian games cricket live streaming, 2026 asian games cricket squads, japan vs india, women asian games cricket, asian games women",india,Past 30 Days,google trends,2026-09-24 05:16:07
2026-09-24,05:16:28,hong kong vs malaysia,100,"hong kong vs malaysia live, hong kong vs malaysia t20, afghanistan vs japan, south africa vs namibia",india,Past 30 Days,google trends,2026-09-24 05:16:28
2026-09-24,05:16:49,ಅಮಿತ್ ಶಾ,100,No Rising Query,india,Past 30 Days,google trends,2026-09-24 05:16:49
2026-09-24,05:17:05,nse share price,100,"nse ipo, nse ipo gmp",india,Past 30 Days,google trends,2026-09-24 05:17:05
2026-09-24,05:17:33,२४ सितम्बर,100,No Rising Query,india,Past 30 Days,google trends,2026-09-24 05:17:33
2026-09-24,05:18:00,ఆంధ్ర ప్రదేశ్,100,"ఆంధ్ర ప్రదేశ్ పబ్లిక్ సర్వీస్ కమిషన్, ఈరోజు వాతావరణం ఆంధ్ర ప్రదేశ్ ప్రభుత్వ, ఈరోజు వాతావరణం నెల్లూరు ఆంధ్ర ప్రదేశ్, రేపటి వాతావరణం గుంటూరు ఆంధ్ర ప్రదేశ్, aepds date wise transactions ఆంధ్ర ప్రదేశ్",india,Past 30 Days,google trends,2026-09-24 05:18:00
2026-09-24,05:20:13,cyclone,100,No Rising Query,india,Past 30 Days,google trends,2026-09-24 05:20:13
2026-09-24,05:20:35,వాతావరణం,100,No Rising Query,india,Past 30 Days,google trends,2026-09-24 05:20:35
2026-09-24,05:21:00,benjamin ito-davis,52,"japan, ind vs japan, ind vs jpn, afghanistan vs japan",india,Past 30 Days,google trends,2026-09-24 05:21:00
2026-09-24,05:21:31,asian games kabaddi,100,"asian games kabaddi points table, asian games kabaddi match schedule, asian games kabaddi scorecard, asian games kabaddi live score, asian games kabaddi results",india,Past 30 Days,google trends,2026-09-24 05:21:31
2026-09-25,05:17:44,ದ್ರೌಪದಿ ಮುರ್ಮು,100,No Rising Query,india,Past 30 Days,google trends,2026-09-25 05:17:44
2026-09-25,05:18:13,పంట,100,ఖరీఫ్ పంట,india,Past 30 Days,google trends,2026-09-25 05:18:13
2026-09-25,05:18:42,adroit industries ipo gmp,100,adroit industries ipo gmp today,india,Past 30 Days,google trends,2026-09-25 05:18:42
2026-09-25,05:19:04,patient zero lyrics,100,"patient zero lyrics taylor, taylor swift patient zero, taylor swift, cleveland lyrics, cleveland",india,Past 30 Days,google trends,2026-09-25 05:19:04
2026-09-25,05:19:19,afg vs nep,100,afg vs nepal,india,Past 30 Days,google trends,2026-09-25 05:19:19
2026-09-25,05:19:48,pb fintech share price,100,why pb fintech share price falling today,india,Past 30 Days,google trends,2026-09-25 05:19:48
2026-09-25,05:21:01,భోగాపురం,100,No Rising Query,india,Past 30 Days,google trends,2026-09-25 05:21:01
2026-09-25,05:21:20,चुनाव,36,"नगर निगम चुनाव रिजल्ट, राजस्थान निकाय चुनाव रिजल्ट, राजस्थान निकाय चुनाव परिणाम, नगर निकाय चुनाव राजस्थान रिजल्ट, राजस्थान नगर निकाय चुनाव परिणाम",india,Past 30 Days,google trends,2026-09-25 05:21:20
2026-09-25,05:21:47,ind vs wi,100,"ind vs wi squad announcement, ind vs wi 3rd odi tickets, ind vs wi trivandrum tickets, ind vs wi odi squad announcement date, ind vs wi odi where to watch",india,Past 30 Days,google trends,2026-09-25 05:21:47
2026-09-25,05:22:59,శుక్రవారం,100,"శుక్రవారం వాతావరణం, శుక్రవారం శుభోదయం శుభాకాంక్షలు",india,Past 30 Days,google trends,2026-09-25 05:22:59
2026-09-26,05:23:51,തട്ടിപ്പ്,100,മൈക്രോ ഫിനാന്സ് തട്ടിപ്പ് കേസ്,india,Past 30 Days,google trends,2026-09-26 05:23:51
2026-09-26,05:24:14,iaf,100,"iaf air show drawing, tejas mk1a tactical advantage iaf, iaf rafale orders and fighter shortage, iaf ladakh cadet rescue, iaf emergency helicopter evacuation mechuka",india,Past 30 Days,google trends,2026-09-26 05:24:14
2026-09-26,05:24:39,jitan ram manjhi,100,"jitan ram manjhi age, jitan ram manjhi party",india,Past 30 Days,google trends,2026-09-26 05:24:39
2026-09-26,05:24:58,malaysia vs oman,100,"malaysia vs oman cricket, malaysia vs oman today, malaysia vs oman live",india,Past 30 Days,google trends,2026-09-26 05:24:58
2026-09-26,05:25:17,నందమూరి బాలకృష్ణ,100,No Rising Query,india,Past 30 Days,google trends,2026-09-26 05:25:17
2026-09-26,05:25:36,மு. க. ஸ்டாலின்,78,"தேர்தல், கே. ஏ. செங்கோட்டையன், எஸ். பி. வேலுமணி",india,Past 30 Days,google trends,2026-09-26 05:25:36
2026-09-26,05:25:59,india vs west indies,100,"india vs west indies indore tickets, auqib nabi, india vs west indies t20 2026 indore tickets, naman dhir, john campbell",india,Past 30 Days,google trends,2026-09-26 05:25:59
2026-09-26,05:26:18,विनोद कांबळी,100,No Rising Query,india,Past 30 Days,google trends,2026-09-26 05:26:18
2026-09-26,05:26:38,बुध,100,मीन राशि,india,Past 30 Days,google trends,2026-09-26 05:26:38
2026-09-26,05:26:57,temperature,100,"temperature near me, badrinath temperature, sonmarg temperature, kaza temperature, tungnath temperature",india,Past 30 Days,google trends,2026-09-26 05:26:57
2026-09-27,05:39:41,వాతావరణ సూచన,100,"5 రోజుల వాతావరణ సూచన, 10 రోజుల వాతావరణ సూచన, రేపు వాతావరణ సూచన, ఈరోజు వాతావరణ సూచన",india,Past 30 Days,google trends,2026-09-27 05:39:41
2026-09-27,05:40:10,dhruv jurel,54,"ind vs wi, sonal dinusha",india,Past 30 Days,google trends,2026-09-27 05:40:10
2026-09-27,05:40:37,விஜய் சேதுபதி,100,"சி. டி. ஆர். நிர்மல் குமார், விஜய் சேதுபதி திரைப்படங்கள்",india,Past 30 Days,google trends,2026-09-27 05:40:37
2026-09-27,05:40:54,२७ सितम्बर,100,No Rising Query,india,Past 30 Days,google trends,2026-09-27 05:40:54
2026-09-27,05:41:16,charlotte vs chicago,100,england national football team vs spain national football team standings,india,Past 30 Days,google trends,2026-09-27 05:41:16
2026-09-27,05:41:43,mohammed siraj,89,No Rising Query,india,Past 30 Days,google trends,2026-09-27 05:41:43
2026-09-27,05:42:07,yashasvi jaiswal,100,"rohit sharma, yashasvi jaiswal stats, dhruv jurel, cricket, sonal dinusha",india,Past 30 Days,google trends,2026-09-27 05:42:07
2026-09-27,05:42:32,नक्षत्र,100,"हथिया नक्षत्र कब से है, हथिया नक्षत्र कब चल रहा है, हथिया नक्षत्र कब चढ़ेगा, हथिया नक्षत्र कब से चल रहा है, उत्तरा नक्षत्र कब लगेगा",india,Past 30 Days,google trends,2026-09-27 05:42:32
2026-09-27,05:42:48,charlotte fc vs chicago fire fc standings,100,No Rising Query,india,Past 30 Days,google trends,2026-09-27 05:42:48
2026-09-27,05:43:11,shubman gill,100,"fazilka falcons vs amritsar soormas, shubman gill dob, shubman gill birthday, shubman gill ka birthday kab hai, rohit sharma",india,Past 30 Days,google trends,2026-09-27 05:43:11
2026-09-28,05:46:59,govinda,47,"neelam kothari govinda off screen romance, salman khan praising govinda actor, ranveer singh admires govinda, govinda garden mangal karyalaya, govinda poddar",india,Past 30 Days,google trends,2026-09-28 05:46:59
2026-09-28,05:47:16,ధర,100,"ఈ రోజు బంగారం ధర 916 kdm, ఈ రోజు బంగారం ధర 916",india,Past 30 Days,google trends,2026-09-28 05:47:16
2026-09-28,05:47:47,स्मृति ईरानी,27,No Rising Query,india,Past 30 Days,google trends,2026-09-28 05:47:47
2026-09-28,05:48:12,प्रधानमंत्री ग्रामीण आवास योजना,100,प्रधानमंत्री ग्रामीण आवास योजना pdf 2026,india,Past 30 Days,google trends,2026-09-28 05:48:12
2026-09-28,05:48:43,tcs share price,100,No Rising Query,india,Past 30 Days,google trends,2026-09-28 05:48:43
2026-09-28,05:49:12,ബാങ്ക്,100,"ബാങ്ക് പണിമുടക്ക്, സ്മോള് ഫിനാന്സ് ബാങ്ക്, ബാങ്ക് അവധി, എച്ച്ഡിഎഫ്സി ബാങ്ക്, ഫെഡറല് ബാങ്ക്",india,Past 30 Days,google trends,2026-09-28 05:49:12
2026-09-28,05:49:28,orient cables ipo gmp,100,orient cables ipo gmp today,india,Past 30 Days,google trends,2026-09-28 05:49:28
2026-09-28,05:49:54,पितृपक्ष,86,"पितृपक्ष में क्या करना चाहिए, पितृपक्ष में पूजा करना चाहिए, श्राद्ध पक्ष पितृपक्ष, पितृपक्ष में क्या करना चाहिए क्या नहीं करना चाहिए, पितृपक्ष में क्या नहीं करना चाहिए",india,Past 30 Days,google trends,2026-09-28 05:49:54
2026-09-28,05:50:54,jio finance share price,100,No Rising Query,india,Past 30 Days,google trends,2026-09-28 05:50:54
2026-09-28,05:51:10,itc share price,100,No Rising Query,india,Past 30 Days,google trends,2026-09-28 05:51:10
2026-09-29,06:05:06,bts,64,"malur bts flipkart allcorgo, bts jungkook style changes over time, bts rm birthday, bts live viewing, bts birthday",india,Past 30 Days,google trends,2026-09-29 06:05:06
2026-09-29,06:05:29,coloros 17,100,"coloros 17 fluid design, oppo coloros 17 fluid design, oppo coloros 17 update devices, coloros 17 fluid animations oppo, coloros 17 features and design",india,Past 30 Days,google trends,2026-09-29 06:05:29
2026-09-29,06:05:58,ಮಳೆ,100,"ಮಳೆ ಯಾವಾಗ ಬರುತ್ತೆ, ಎಡಬಿಡದೆ ಸುರಿಯುವ ಮಳೆ, ಇವತ್ತಿನ ಮಳೆ, ಇಂದಿನ ಮಳೆ, ಮಳೆ ಬರುತ್ತಾ",india,Past 30 Days,google trends,2026-09-29 06:05:58
2026-09-29,06:06:29,tanya mishra,100,"national crush tanya mishra, tanya mishra instagram, tanya mishra age, national crush of india tanya mishra, national crush of india tanya",india,Past 30 Days,google trends,2026-09-29 06:06:29
2026-09-29,06:07:00,orient cables ipo gmp,100,orient cables ipo gmp today,india,Past 30 Days,google trends,2026-09-29 06:07:00
2026-09-29,06:07:24,நீர்,100,"நுரையீரல் நீர் கோர்த்தல் குணமாக, இந்திய நீர் பாசனத்தின் தந்தை, உலக நீர் தினம், உன் கண்ணில் நீர் வழிந்தால், நீர் நிலைகளோடு தொடர்பில்லாதது எது",india,Past 30 Days,google trends,2026-09-29 06:07:24
2026-09-29,06:07:42,ಸುವರ್ಣ ನ್ಯೂಸ್,100,No Rising Query,india,Past 30 Days,google trends,2026-09-29 06:07:42
2026-09-29,06:08:00,weather bengaluru,100,weather bengaluru yesterday,india,Past 30 Days,google trends,2026-09-29 06:08:00
2026-09-29,06:08:20,हनुमान चालीसा,100,"हनुमान चालीसा फुल लिरिक्स, हनुमान चालीसा लावा, hanuman chalisa lyrics in hindi श्री हनुमान चालीसा, हनुमान चालीसा का पाठ सुनाइए, हनुमान चालीसा पाठ हिंदी मै photo",india,Past 30 Days,google trends,2026-09-29 06:08:20
2026-09-29,06:08:39,bose earbuds,100,motorola bose earbuds,india,Past 30 Days,google trends,2026-09-29 06:08:39
2026-09-30,05:53:41,ಡಿ ಕೆ ಶಿವಕುಮಾರ್,100,No Rising Query,india,Past 30 Days,google trends,2026-09-30 05:53:41
2026-09-30,05:54:03,october,100,"assembly and parliamentary byelections october 2026, sbi bsbd withdrawal limit october 2026, toyota glanza facelift october 2026, rbi october 2026 deposit changes, fmge october 31 2026 exam date",india,Past 30 Days,google trends,2026-09-30 05:54:03
2026-09-30,05:54:20,srit india ipo gmp,100,"srit india ltd ipo gmp, srit india ltd, shah investors, shah investors ipo gmp, german ipo gmp",india,Past 30 Days,google trends,2026-09-30 05:54:20
2026-09-30,05:54:47,వీరమాచనేని రామకృష్ణ,100,No Rising Query,india,Past 30 Days,google trends,2026-09-30 05:54:47
2026-09-30,05:55:56,apple pay india,100,"axis bank credit cards, axis bank apple pay partnership india, apple pay india launch date",india,Past 30 Days,google trends,2026-09-30 05:55:56
2026-09-30,05:56:22,india national cricket team vs west indies cricket team players,98,india national cricket team vs west indies cricket team players venue,india,Past 30 Days,google trends,2026-09-30 05:56:22
2026-09-30,05:57:26,kota news,97,"kota news today dainik bhaskar, kota news channel, dainik bhaskar kota news, kota news update, kota news today live",india,Past 30 Days,google trends,2026-09-30 05:57:26
2026-09-30,05:57:48,asian games 2026 medal tally,100,"asian games 2026 live, asian games india schedule, asian games 2026 kabaddi, asiad 2026, asian games 2026 live updates",india,Past 30 Days,google trends,2026-09-30 05:57:48
2026-09-30,05:58:09,govinda,55,No Rising Query,india,Past 30 Days,google trends,2026-09-30 05:58:09
2026-09-30,05:59:21,video film,81,No Rising Query,india,Past 30 Days,google trends,2026-09-30 05:59:21
2026-10-01,06:27:28,tilak varma,82,"india vs afghanistan, ind vs afg, kuldeep yadav, tilak varma vaibhav sooryavanshi duleep trophy, abhishek sharma",india,Past 30 Days,google trends,2026-10-01 06:27:28
2026-10-01,06:27:58,shankersinh vaghela,100,"shankersinh vaghela age, shankersinh vaghela party",india,Past 30 Days,google trends,2026-10-01 06:27:58
2026-10-01,06:28:28,axar patel,100,"india vs japan, india vs sri lanka",india,Past 30 Days,google trends,2026-10-01 06:28:28
2026-10-01,06:28:44,ishan kishan,100,"ind vs afg, ishan kishan 200 in odi, arshdeep singh, abhishek sharma",india,Past 30 Days,google trends,2026-10-01 06:28:44
2026-10-01,06:29:11,asian games live,100,"medal tally asian games 2026, asian games 2026 live updates, asian games live updates india, ind vs sl asian games live, asian games live blog",india,Past 30 Days,google trends,2026-10-01 06:29:11
2026-10-01,06:29:30,whatsapp,100,"whatsapp download apk, whatsapp messenger, whatsapp apk, whatsapp open, whatsapp dp",india,Past 30 Days,google trends,2026-10-01 06:29:30
2026-10-01,06:30:38,sanju samson,99,"kendel kadowaki-fleming, india vs japan, arshdeep singh, abhishek sharma, india vs sri lanka",india,Past 30 Days,google trends,2026-10-01 06:30:38
2026-10-01,06:30:55,moneyview,100,"moneyview ipo gmp, moneyview allotment, moneyview ipo allotment, moneyview ipo status, moneyview allotment status",india,Past 30 Days,google trends,2026-10-01 06:30:55
2026-10-01,06:31:23,sonyliv,100,"asian games 2026, asian games medal tally, sonyliv subscription offers, sonyliv cricket match live today, fancode",india,Past 30 Days,google trends,2026-10-01 06:31:23
2026-10-01,06:32:34,भारत बनाम श्रीलंका,100,"भारत बनाम श्रीलंका मैच, भारत बनाम श्रीलंका लाइव, भारत बनाम श्रीलंका आज का मैच",india,Past 30 Days,google trends,2026-10-01 06:32:34
2026-10-02,06:05:47,sigma movie,100,"sigma movie ticket booking, sigma movie hero name, sigma movie review, sigma movie budget",india,Past 30 Days,google trends,2026-10-02 06:05:47
2026-10-02,06:06:03,sigma movie review,100,sigma movie review imdb,india,Past 30 Days,google trends,2026-10-02 06:06:03
2026-10-02,06:06:21,लाल बहादुर शास्त्री,100,"लाल बहादुर शास्त्री जयंती, गांधी जयंती लाल बहादुर शास्त्री जयंती, लाल बहादुर शास्त्री की जयंती, लाल बहादुर शास्त्री का परिचय, महात्मा गांधी लाल बहादुर शास्त्री जयंती",india,Past 30 Days,google trends,2026-10-02 06:06:21
2026-10-02,06:06:44,pakistan,22,"pakistan vs hong kong, pakistan women's national cricket team vs hong kong women's national cricket team standings, pakistan women's national cricket team vs hong kong women's national cricket team match scorecard, england u19 vs pakistan u19, razaullah",india,Past 30 Days,google trends,2026-10-02 06:06:44
2026-10-02,06:07:02,asian games 2026 medal tally,100,"asian games 2026 medal tally table, asian games 2026 medal table, asian games 2026 table, asian games 2026 medal tally live, asian games live",india,Past 30 Days,google trends,2026-10-02 06:07:02
2026-10-02,06:07:18,asian games medal tally,100,"asian games medal tally today, asian games 2026 medal tally live, asian games schedule, asian games cricket, asian games 2026 schedule",india,Past 30 Days,google trends,2026-10-02 06:07:18
2026-10-02,06:07:40,गांधी जयंती,100,"महात्मा गांधी जयंती भाषण, गांधी जयंती के बारे में, गांधी जयंती पर निबंध, गांधी जयंती फोटो, 2 अक्टूबर महात्मा गांधी जयंती",india,Past 30 Days,google trends,2026-10-02 06:07:40
2026-10-02,06:08:00,dominican republic vs haiti,100,"denmark vs portugal, dominican republic vs haiti prediction",india,Past 30 Days,google trends,2026-10-02 06:08:00
2026-10-02,06:08:28,जिलाधिकारी,100,"जिलाधिकारी in english, जिलाधिकारी का नाम, उप जिलाधिकारी",india,Past 30 Days,google trends,2026-10-02 06:08:28
2026-10-02,06:08:43,braves vs phillies,100,"braves vs phillies prediction, atlanta braves, braves vs phillies today, atlanta braves vs phillies matches",india,Past 30 Days,google trends,2026-10-02 06:08:43
2026-10-03,05:40:02,प्रेमानंद महाराज,100,"प्रेमानंद महाराज स्वास्थ्य समाचार, प्रेमानंद महाराज न्यूज़, प्रेमानंद महाराज न्यूज",india,Past 30 Days,google trends,2026-10-03 05:40:02
2026-10-03,05:40:33,carlos alcaraz,31,"carlos alcaraz vs ben shelton, ben shelton carlos alcaraz us open, wu yibing, laver cup, carlos alcaraz atp calendar comments",india,Past 30 Days,google trends,2026-10-03 05:40:33
2026-10-03,05:41:03,एसियन गेम्स,100,japan vs india,india,Past 30 Days,google trends,2026-10-03 05:41:03
2026-10-03,05:41:26,cricbuzz live score,100,"www cricbuzz live score, cricbuzz live score india",india,Past 30 Days,google trends,2026-10-03 05:41:26
2026-10-03,05:41:46,നിവിന് പോളി,100,No Rising Query,india,Past 30 Days,google trends,2026-10-03 05:41:46
2026-10-03,05:42:08,whatsapp,100,"whatsapp download apk, whatsapp messenger, whatsapp open, whatsapp business, whatsapp dp",india,Past 30 Days,google trends,2026-10-03 05:42:08
2026-10-03,05:42:31,today match live,100,"ind w vs pak w today match live, india vs pakistan today match live channel, india vs pakistan today match live",india,Past 30 Days,google trends,2026-10-03 05:42:31
2026-10-03,05:43:39,abhishek sharma,77,"varun chakaravarthy, india vs afghanistan, vaibhav sooryavanshi, abhishek sharma fastest century, india vs sri lanka",india,Past 30 Days,google trends,2026-10-03 05:43:39
2026-10-03,05:44:05,cricket live tv,100,"cricket live tv streaming apk, cricket live tv apk",india,Past 30 Days,google trends,2026-10-03 05:44:05
2026-10-03,05:44:24,sony tv,100,rohit sharma show on sony tv,india,Past 30 Days,google trends,2026-10-03 05:44:24
