ds,yhat,yhat_lower,yhat_upper
2026-09-29,0.11176421382386938,0.11060784557967697,0.1128778261473781
2026-09-30,0.11168870979039135,0.1105284245427186,0.11282984059213381
2026-10-01,0.11194724608324969,0.11074306842053225,0.11308905810822519
2026-10-02,0.11212105521467067,0.11096997095259847,0.11325343460115428
2026-10-03,0.1117161414628655,0.11060921749355314,0.11294243757905635
2026-10-04,0.11272476203633937,0.11152940134449259,0.11390749639542502
2026-10-05,0.11301840889777559,0.11184525191942307,0.11422289769170126
2026-10-06,0.11241799786528053,0.1111871485652449,0.1135638149161555
2026-10-07,0.11234249383180057,0.11115539018533696,0.11351589881775369
2026-10-08,0.1126010301246591,0.1113363996228737,0.11375417004073494
2026-10-09,0.11277483925607915,0.11156948168023854,0.11394121565688828
2026-10-10,0.11236992550427465,0.11114299421100027,0.11354807483770601
2026-10-11,0.11337854607774532,0.11211980652988504,0.1145818711433164
2026-10-12,0.11367219293918446,0.11247186153794647,0.11488313961625778
2026-10-13,0.1130717819066886,0.1118373179077529,0.11442528768748203
2026-10-14,0.11299627787320897,0.11176318289231135,0.11425590494160867
2026-10-15,0.113254814166068,0.11216147533117368,0.11447707500452599
2026-10-16,0.11342862329748767,0.11216106478050192,0.11468373554257492
2026-10-17,0.11302370954568379,0.11180288410214216,0.11427806678259571
2026-10-18,0.1140323301191546,0.11275869813591752,0.11527566883509126
2026-10-19,0.11432597698059228,0.1131773613249331,0.11548626364698127
2026-10-20,0.11372556594809666,0.11261424097663347,0.1149650224584092
2026-10-21,0.1136500619146182,0.11245437315019309,0.11488518599798529
2026-10-22,0.11390859820747601,0.11266527026373539,0.11515430755388224
2026-10-23,0.11408240733889621,0.1129331976934983,0.11530948141736033
2026-10-24,0.11367749358709252,0.11243387504164289,0.11488482620500799
2026-10-25,0.11468611416056468,0.11347951424509897,0.1159202329145563
2026-10-26,0.11497976102200115,0.1137180657142013,0.11618484269784529
2026-10-27,0.1143793499895078,0.11312401005156741,0.11558209518452527
2026-10-28,0.11430384595602743,0.11295543367416305,0.11553974223845326
